0,1,Neutron,
0,3,Neutron,
0,4,Neutron,
0,6,Neutron,
1,0,Hydrogen,
1,1,Hydrogen,
1,2,Hydrogen,
1,3,Hydrogen,
1,4,Hydrogen,
1,5,Hydrogen,
1,6,Hydrogen,
2,1,Helium,
2,2,Helium,
2,3,Helium,
2,4,Helium,
2,5,Helium,
2,6,Helium,
2,7,Helium,
2,8,Helium,
2,10,Helium,
2,16,Helium,
2,17,Helium,
3,0,Lithium,
3,1,Lithium,
3,2,Lithium,
3,3,Lithium,
3,4,Lithium,
3,5,Lithium,
3,6,Lithium,
3,7,Lithium,
3,8,Lithium,
3,9,Lithium,
3,11,Lithium,
3,15,Lithium,
3,16,Lithium,
4,1,Beryllium,
4,2,Beryllium,
4,3,Beryllium,
4,4,Beryllium,
4,5,Beryllium,
4,6,Beryllium,
4,7,Beryllium,
4,8,Beryllium,
4,9,Beryllium,
4,10,Beryllium,
4,11,Beryllium,
4,12,Beryllium,
4,14,Beryllium,
4,15,Beryllium,
5,1,Boron,
5,2,Boron,
5,3,Boron,
5,4,Boron,
5,5,Boron,
5,6,Boron,
5,7,Boron,
5,8,Boron,
5,9,Boron,
5,10,Boron,
5,11,Boron,
5,12,Boron,
5,13,Boron,
5,14,Boron,
5,15,Boron,
5,16,Boron,
6,2,Carbon,
6,3,Carbon,
6,4,Carbon,
6,5,Carbon,
6,6,Carbon,
6,7,Carbon,
6,8,Carbon,
6,9,Carbon,
6,10,Carbon,
6,11,Carbon,
6,12,Carbon,
6,13,Carbon,
6,14,Carbon,
6,15,Carbon,
6,16,Carbon,
7,3,Nitrogen,
7,4,Nitrogen,
7,5,Nitrogen,
7,6,Nitrogen,
7,7,Nitrogen,
7,8,Nitrogen,
7,9,Nitrogen,
7,10,Nitrogen,
7,11,Nitrogen,
7,12,Nitrogen,
7,13,Nitrogen,
7,14,Nitrogen,
7,15,Nitrogen,
7,16,Nitrogen,
7,17,Nitrogen,
7,18,Nitrogen,
8,3,Oxygen,
8,4,Oxygen,
8,5,Oxygen,
8,6,Oxygen,
8,7,Oxygen,
8,8,Oxygen,
8,9,Oxygen,
8,10,Oxygen,
8,11,Oxygen,
8,12,Oxygen,
8,13,Oxygen,
8,14,Oxygen,
8,15,Oxygen,
8,16,Oxygen,
8,17,Oxygen,
8,18,Oxygen,
8,20,Oxygen,
9,4,Fluorine,
9,5,Fluorine,
9,6,Fluorine,
9,7,Fluorine,
9,8,Fluorine,
9,9,Fluorine,
9,10,Fluorine,
9,11,Fluorine,
9,12,Fluorine,
9,13,Fluorine,
9,14,Fluorine,
9,15,Fluorine,
9,16,Fluorine,
9,17,Fluorine,
9,18,Fluorine,
9,19,Fluorine,
9,20,Fluorine,
9,21,Fluorine,
9,22,Fluorine,
10,5,Neon,
10,6,Neon,
10,7,Neon,
10,7,Neon,
10,8,Neon,
10,9,Neon,
10,10,Neon,
10,11,Neon,
10,12,Neon,
10,13,Neon,
10,14,Neon,
10,15,Neon,
10,16,Neon,
10,17,Neon,
10,18,Neon,
10,19,Neon,
10,20,Neon,
10,21,Neon,
10,22,Neon,
10,23,Neon,
10,24,Neon,
11,6,Sodium,
11,7,Sodium,
11,8,Sodium,
11,9,Sodium,
11,10,Sodium,
11,11,Sodium,
11,12,Sodium,
11,13,Sodium,
11,14,Sodium,
11,15,Sodium,
11,16,Sodium,
11,17,Sodium,
11,18,Sodium,
11,19,Sodium,
11,20,Sodium,
11,21,Sodium,
11,22,Sodium,
11,23,Sodium,
11,24,Sodium,
11,24,Sodium,
11,25,Sodium,
11,26,Sodium,
12,6,Magnesium,
12,7,Magnesium,
12,8,Magnesium,
12,9,Magnesium,
12,10,Magnesium,
12,11,Magnesium,
12,12,Magnesium,
12,13,Magnesium,
12,14,Magnesium,
12,15,Magnesium,
12,16,Magnesium,
12,17,Magnesium,
12,18,Magnesium,
12,19,Magnesium,
12,20,Magnesium,
12,21,Magnesium,
12,22,Magnesium,
12,23,Magnesium,
12,24,Magnesium,
12,25,Magnesium,
12,26,Magnesium,
12,27,Magnesium,
12,28,Magnesium,
13,8,Aluminium,
13,9,Aluminium,
13,10,Aluminium,
13,11,Aluminium,
13,12,Aluminium,
13,13,Aluminium,
13,14,Aluminium,
13,15,Aluminium,
13,16,Aluminium,
13,17,Aluminium,
13,18,Aluminium,
13,19,Aluminium,
13,20,Aluminium,
13,21,Aluminium,
13,22,Aluminium,
13,23,Aluminium,
13,24,Aluminium,
13,25,Aluminium,
13,26,Aluminium,
13,27,Aluminium,
13,28,Aluminium,
13,29,Aluminium,
13,30,Aluminium,
14,8,Silicon,
14,9,Silicon,
14,10,Silicon,
14,11,Silicon,
14,12,Silicon,
14,13,Silicon,
14,14,Silicon,
14,15,Silicon,
14,16,Silicon,
14,17,Silicon,
14,18,Silicon,
14,19,Silicon,
14,20,Silicon,
14,21,Silicon,
14,22,Silicon,
14,23,Silicon,
14,24,Silicon,
14,25,Silicon,
14,26,Silicon,
14,27,Silicon,
14,28,Silicon,
14,29,Silicon,
14,30,Silicon,
15,10,Phosphorus,
15,11,Phosphorus,
15,12,Phosphorus,
15,13,Phosphorus,
15,14,Phosphorus,
15,15,Phosphorus,
15,16,Phosphorus,
15,17,Phosphorus,
15,18,Phosphorus,
15,19,Phosphorus,
15,20,Phosphorus,
15,21,Phosphorus,
15,22,Phosphorus,
15,23,Phosphorus,
15,24,Phosphorus,
15,25,Phosphorus,
15,26,Phosphorus,
15,27,Phosphorus,
15,28,Phosphorus,
15,29,Phosphorus,
15,30,Phosphorus,
15,31,Phosphorus,
16,10,Sulfur,
16,11,Sulfur,
16,12,Sulfur,
16,13,Sulfur,
16,14,Sulfur,
16,15,Sulfur,
16,16,Sulfur,
16,17,Sulfur,
16,18,Sulfur,
16,19,Sulfur,
16,20,Sulfur,
16,21,Sulfur,
16,22,Sulfur,
16,23,Sulfur,
16,24,Sulfur,
16,25,Sulfur,
16,26,Sulfur,
16,27,Sulfur,
16,28,Sulfur,
16,29,Sulfur,
16,30,Sulfur,
16,31,Sulfur,
16,32,Sulfur,
16,33,Sulfur,
17,12,Chlorine,
17,13,Chlorine,
17,14,Chlorine,
17,15,Chlorine,
17,16,Chlorine,
17,17,Chlorine,
17,18,Chlorine,
17,19,Chlorine,
17,20,Chlorine,
17,21,Chlorine,
17,22,Chlorine,
17,23,Chlorine,
17,24,Chlorine,
17,25,Chlorine,
17,26,Chlorine,
17,27,Chlorine,
17,28,Chlorine,
17,29,Chlorine,
17,30,Chlorine,
17,31,Chlorine,
17,32,Chlorine,
17,33,Chlorine,
17,34,Chlorine,
17,35,Chlorine,
18,12,Argon,
18,13,Argon,
18,14,Argon,
18,15,Argon,
18,16,Argon,
18,17,Argon,
18,18,Argon,
18,19,Argon,
18,20,Argon,
18,21,Argon,
18,22,Argon,
18,23,Argon,
18,24,Argon,
18,25,Argon,
18,26,Argon,
18,27,Argon,
18,28,Argon,
18,29,Argon,
18,30,Argon,
18,31,Argon,
18,32,Argon,
18,33,Argon,
18,34,Argon,
18,35,Argon,
19,12,Potassium,
19,14,Potassium,
19,15,Potassium,
19,16,Potassium,
19,17,Potassium,
19,18,Potassium,
19,19,Potassium,
19,20,Potassium,
19,21,Potassium,
19,22,Potassium,
19,23,Potassium,
19,24,Potassium,
19,25,Potassium,
19,26,Potassium,
19,27,Potassium,
19,28,Potassium,
19,29,Potassium,
19,30,Potassium,
19,31,Potassium,
19,32,Potassium,
19,33,Potassium,
19,34,Potassium,
19,35,Potassium,
19,36,Potassium,
19,37,Potassium,
20,14,Calcium,
20,15,Calcium,
20,16,Calcium,
20,17,Calcium,
20,18,Calcium,
20,19,Calcium,
20,20,Calcium,
20,21,Calcium,
20,22,Calcium,
20,23,Calcium,
20,24,Calcium,
20,25,Calcium,
20,26,Calcium,
20,27,Calcium,
20,28,Calcium,
20,29,Calcium,
20,30,Calcium,
20,31,Calcium,
20,32,Calcium,
20,33,Calcium,
20,34,Calcium,
20,35,Calcium,
20,36,Calcium,
20,37,Calcium,
20,38,Calcium,
21,17,Scandium,
21,18,Scandium,
21,19,Scandium,
21,20,Scandium,
21,21,Scandium,
21,22,Scandium,
21,23,Scandium,
21,24,Scandium,
21,25,Scandium,
21,26,Scandium,
21,27,Scandium,
21,28,Scandium,
21,29,Scandium,
21,30,Scandium,
21,31,Scandium,
21,32,Scandium,
21,33,Scandium,
21,34,Scandium,
21,35,Scandium,
21,36,Scandium,
21,37,Scandium,
21,38,Scandium,
21,40,Scandium,
22,16,Titanium,
22,17,Titanium,
22,18,Titanium,
22,19,Titanium,
22,20,Titanium,
22,21,Titanium,
22,22,Titanium,
22,23,Titanium,
22,24,Titanium,
22,25,Titanium,
22,26,Titanium,
22,27,Titanium,
22,28,Titanium,
22,29,Titanium,
22,30,Titanium,
22,31,Titanium,
22,32,Titanium,
22,33,Titanium,
22,34,Titanium,
22,35,Titanium,
22,36,Titanium,
22,37,Titanium,
22,38,Titanium,
22,39,Titanium,
22,40,Titanium,
22,41,Titanium,
22,42,Titanium,
23,19,Vanadium,
23,20,Vanadium,
23,21,Vanadium,
23,22,Vanadium,
23,23,Vanadium,
23,24,Vanadium,
23,25,Vanadium,
23,26,Vanadium,
23,27,Vanadium,
23,28,Vanadium,
23,29,Vanadium,
23,30,Vanadium,
23,31,Vanadium,
23,32,Vanadium,
23,33,Vanadium,
23,34,Vanadium,
23,35,Vanadium,
23,36,Vanadium,
23,37,Vanadium,
23,38,Vanadium,
23,39,Vanadium,
23,40,Vanadium,
23,41,Vanadium,
23,42,Vanadium,
23,43,Vanadium,
23,44,Vanadium,
24,18,Chromium,
24,19,Chromium,
24,20,Chromium,
24,21,Chromium,
24,22,Chromium,
24,23,Chromium,
24,24,Chromium,
24,25,Chromium,
24,26,Chromium,
24,27,Chromium,
24,28,Chromium,
24,29,Chromium,
24,30,Chromium,
24,31,Chromium,
24,32,Chromium,
24,33,Chromium,
24,34,Chromium,
24,35,Chromium,
24,36,Chromium,
24,37,Chromium,
24,38,Chromium,
24,39,Chromium,
24,40,Chromium,
24,41,Chromium,
24,42,Chromium,
24,43,Chromium,
24,44,Chromium,
24,45,Chromium,
24,46,Chromium,
25,19,Manganese,
25,20,Manganese,
25,21,Manganese,
25,22,Manganese,
25,23,Manganese,
25,24,Manganese,
25,25,Manganese,
25,26,Manganese,
25,27,Manganese,
25,28,Manganese,
25,29,Manganese,
25,30,Manganese,
25,31,Manganese,
25,32,Manganese,
25,33,Manganese,
25,34,Manganese,
25,35,Manganese,
25,36,Manganese,
25,37,Manganese,
25,38,Manganese,
25,39,Manganese,
25,40,Manganese,
25,41,Manganese,
25,42,Manganese,
25,43,Manganese,
25,44,Manganese,
25,45,Manganese,
25,46,Manganese,
25,47,Manganese,
25,48,Manganese,
26,19,Iron,
26,20,Iron,
26,21,Iron,
26,22,Iron,
26,23,Iron,
26,24,Iron,
26,25,Iron,
26,26,Iron,
26,27,Iron,
26,28,Iron,
26,29,Iron,
26,30,Iron,
26,31,Iron,
26,32,Iron,
26,33,Iron,
26,34,Iron,
26,35,Iron,
26,36,Iron,
26,37,Iron,
26,38,Iron,
26,39,Iron,
26,40,Iron,
26,41,Iron,
26,42,Iron,
26,43,Iron,
26,44,Iron,
26,45,Iron,
26,46,Iron,
26,47,Iron,
26,48,Iron,
26,49,Iron,
27,20,Cobalt,
27,21,Cobalt,
27,22,Cobalt,
27,23,Cobalt,
27,24,Cobalt,
27,25,Cobalt,
27,26,Cobalt,
27,27,Cobalt,
27,28,Cobalt,
27,29,Cobalt,
27,30,Cobalt,
27,31,Cobalt,
27,32,Cobalt,
27,33,Cobalt,
27,34,Cobalt,
27,35,Cobalt,
27,36,Cobalt,
27,37,Cobalt,
27,38,Cobalt,
27,39,Cobalt,
27,40,Cobalt,
27,41,Cobalt,
27,42,Cobalt,
27,43,Cobalt,
27,44,Cobalt,
27,45,Cobalt,
27,46,Cobalt,
27,47,Cobalt,
27,48,Cobalt,
27,49,Cobalt,
27,50,Cobalt,
28,20,Nickel,
28,21,Nickel,
28,22,Nickel,
28,23,Nickel,
28,24,Nickel,
28,25,Nickel,
28,26,Nickel,
28,27,Nickel,
28,28,Nickel,
28,29,Nickel,
28,30,Nickel,
28,31,Nickel,
28,32,Nickel,
28,33,Nickel,
28,34,Nickel,
28,35,Nickel,
28,36,Nickel,
28,37,Nickel,
28,38,Nickel,
28,39,Nickel,
28,40,Nickel,
28,41,Nickel,
28,42,Nickel,
28,43,Nickel,
28,44,Nickel,
28,45,Nickel,
28,46,Nickel,
28,47,Nickel,
28,48,Nickel,
28,49,Nickel,
28,50,Nickel,
28,51,Nickel,
28,52,Nickel,
28,54,Nickel,
29,24,Copper,
29,25,Copper,
29,26,Copper,
29,27,Copper,
29,28,Copper,
29,29,Copper,
29,30,Copper,
29,31,Copper,
29,32,Copper,
29,33,Copper,
29,34,Copper,
29,35,Copper,
29,36,Copper,
29,37,Copper,
29,38,Copper,
29,39,Copper,
29,40,Copper,
29,41,Copper,
29,42,Copper,
29,43,Copper,
29,44,Copper,
29,45,Copper,
29,46,Copper,
29,47,Copper,
29,48,Copper,
29,49,Copper,
29,50,Copper,
29,51,Copper,
29,52,Copper,
29,53,Copper,
30,24,Zinc,
30,25,Zinc,
30,26,Zinc,
30,27,Zinc,
30,28,Zinc,
30,29,Zinc,
30,30,Zinc,
30,31,Zinc,
30,32,Zinc,
30,33,Zinc,
30,34,Zinc,
30,35,Zinc,
30,36,Zinc,
30,37,Zinc,
30,38,Zinc,
30,39,Zinc,
30,40,Zinc,
30,41,Zinc,
30,42,Zinc,
30,43,Zinc,
30,44,Zinc,
30,45,Zinc,
30,46,Zinc,
30,47,Zinc,
30,48,Zinc,
30,49,Zinc,
30,50,Zinc,
30,51,Zinc,
30,52,Zinc,
30,53,Zinc,
30,54,Zinc,
30,55,Zinc,
31,28,Gallium,
31,29,Gallium,
31,30,Gallium,
31,31,Gallium,
31,32,Gallium,
31,33,Gallium,
31,34,Gallium,
31,35,Gallium,
31,36,Gallium,
31,37,Gallium,
31,38,Gallium,
31,39,Gallium,
31,40,Gallium,
31,41,Gallium,
31,42,Gallium,
31,43,Gallium,
31,44,Gallium,
31,45,Gallium,
31,46,Gallium,
31,47,Gallium,
31,48,Gallium,
31,49,Gallium,
31,50,Gallium,
31,51,Gallium,
31,52,Gallium,
31,53,Gallium,
31,54,Gallium,
31,55,Gallium,
31,56,Gallium,
32,27,Germanium,
32,28,Germanium,
32,29,Germanium,
32,30,Germanium,
32,31,Germanium,
32,32,Germanium,
32,33,Germanium,
32,34,Germanium,
32,35,Germanium,
32,36,Germanium,
32,37,Germanium,
32,38,Germanium,
32,39,Germanium,
32,40,Germanium,
32,41,Germanium,
32,42,Germanium,
32,43,Germanium,
32,44,Germanium,
32,45,Germanium,
32,46,Germanium,
32,47,Germanium,
32,48,Germanium,
32,49,Germanium,
32,50,Germanium,
32,51,Germanium,
32,52,Germanium,
32,53,Germanium,
32,54,Germanium,
32,55,Germanium,
32,56,Germanium,
32,57,Germanium,
32,58,Germanium,
33,30,Arsenic,
33,31,Arsenic,
33,32,Arsenic,
33,33,Arsenic,
33,34,Arsenic,
33,35,Arsenic,
33,36,Arsenic,
33,37,Arsenic,
33,38,Arsenic,
33,39,Arsenic,
33,40,Arsenic,
33,41,Arsenic,
33,42,Arsenic,
33,43,Arsenic,
33,44,Arsenic,
33,45,Arsenic,
33,46,Arsenic,
33,47,Arsenic,
33,48,Arsenic,
33,49,Arsenic,
33,50,Arsenic,
33,51,Arsenic,
33,52,Arsenic,
33,53,Arsenic,
33,54,Arsenic,
33,55,Arsenic,
33,56,Arsenic,
33,57,Arsenic,
33,58,Arsenic,
33,59,Arsenic,
34,29,Selenium,
34,30,Selenium,
34,31,Selenium,
34,32,Selenium,
34,33,Selenium,
34,34,Selenium,
34,35,Selenium,
34,36,Selenium,
34,37,Selenium,
34,38,Selenium,
34,39,Selenium,
34,40,Selenium,
34,41,Selenium,
34,42,Selenium,
34,43,Selenium,
34,44,Selenium,
34,45,Selenium,
34,46,Selenium,
34,47,Selenium,
34,48,Selenium,
34,49,Selenium,
34,50,Selenium,
34,51,Selenium,
34,52,Selenium,
34,53,Selenium,
34,54,Selenium,
34,55,Selenium,
34,56,Selenium,
34,57,Selenium,
34,58,Selenium,
34,59,Selenium,
34,60,Selenium,
34,61,Selenium,
35,30,Bromine,
35,32,Bromine,
35,33,Bromine,
35,34,Bromine,
35,35,Bromine,
35,36,Bromine,
35,37,Bromine,
35,38,Bromine,
35,39,Bromine,
35,40,Bromine,
35,41,Bromine,
35,42,Bromine,
35,43,Bromine,
35,44,Bromine,
35,45,Bromine,
35,46,Bromine,
35,47,Bromine,
35,48,Bromine,
35,49,Bromine,
35,50,Bromine,
35,51,Bromine,
35,52,Bromine,
35,53,Bromine,
35,54,Bromine,
35,55,Bromine,
35,56,Bromine,
35,57,Bromine,
35,58,Bromine,
35,59,Bromine,
35,60,Bromine,
35,61,Bromine,
35,62,Bromine,
35,63,Bromine,
35,64,Bromine,
35,65,Bromine,
35,66,Bromine,
36,31,Krypton,
36,32,Krypton,
36,33,Krypton,
36,34,Krypton,
36,35,Krypton,
36,36,Krypton,
36,37,Krypton,
36,38,Krypton,
36,39,Krypton,
36,40,Krypton,
36,41,Krypton,
36,42,Krypton,
36,43,Krypton,
36,44,Krypton,
36,45,Krypton,
36,46,Krypton,
36,47,Krypton,
36,48,Krypton,
36,49,Krypton,
36,50,Krypton,
36,51,Krypton,
36,52,Krypton,
36,53,Krypton,
36,54,Krypton,
36,55,Krypton,
36,56,Krypton,
36,57,Krypton,
36,58,Krypton,
36,59,Krypton,
36,60,Krypton,
36,61,Krypton,
36,62,Krypton,
36,63,Krypton,
36,64,Krypton,
36,65,Krypton,
36,66,Krypton,
37,35,Rubidium,
37,36,Rubidium,
37,37,Rubidium,
37,38,Rubidium,
37,39,Rubidium,
37,40,Rubidium,
37,41,Rubidium,
37,42,Rubidium,
37,43,Rubidium,
37,44,Rubidium,
37,45,Rubidium,
37,46,Rubidium,
37,47,Rubidium,
37,48,Rubidium,
37,49,Rubidium,
37,50,Rubidium,
37,51,Rubidium,
37,52,Rubidium,
37,53,Rubidium,
37,54,Rubidium,
37,55,Rubidium,
37,56,Rubidium,
37,57,Rubidium,
37,58,Rubidium,
37,59,Rubidium,
37,60,Rubidium,
37,61,Rubidium,
37,62,Rubidium,
37,63,Rubidium,
37,64,Rubidium,
37,65,Rubidium,
37,66,Rubidium,
37,67,Rubidium,
37,68,Rubidium,
37,69,Rubidium,
38,35,Strontium,
38,36,Strontium,
38,37,Strontium,
38,38,Strontium,
38,39,Strontium,
38,40,Strontium,
38,41,Strontium,
38,42,Strontium,
38,43,Strontium,
38,44,Strontium,
38,45,Strontium,
38,46,Strontium,
38,47,Strontium,
38,48,Strontium,
38,49,Strontium,
38,50,Strontium,
38,51,Strontium,
38,52,Strontium,
38,53,Strontium,
38,54,Strontium,
38,55,Strontium,
38,56,Strontium,
38,57,Strontium,
38,58,Strontium,
38,59,Strontium,
38,60,Strontium,
38,61,Strontium,
38,62,Strontium,
38,63,Strontium,
38,64,Strontium,
38,65,Strontium,
38,66,Strontium,
38,67,Strontium,
38,68,Strontium,
38,69,Strontium,
38,70,Strontium,
39,37,Yttrium,
39,38,Yttrium,
39,39,Yttrium,
39,40,Yttrium,
39,41,Yttrium,
39,42,Yttrium,
39,43,Yttrium,
39,44,Yttrium,
39,45,Yttrium,
39,46,Yttrium,
39,47,Yttrium,
39,48,Yttrium,
39,49,Yttrium,
39,50,Yttrium,
39,51,Yttrium,
39,52,Yttrium,
39,53,Yttrium,
39,54,Yttrium,
39,55,Yttrium,
39,56,Yttrium,
39,57,Yttrium,
39,58,Yttrium,
39,59,Yttrium,
39,60,Yttrium,
39,61,Yttrium,
39,62,Yttrium,
39,63,Yttrium,
39,64,Yttrium,
39,65,Yttrium,
39,66,Yttrium,
39,67,Yttrium,
39,68,Yttrium,
39,69,Yttrium,
39,70,Yttrium,
39,71,Yttrium,
39,72,Yttrium,
40,37,Zirconium,
40,38,Zirconium,
40,39,Zirconium,
40,40,Zirconium,
40,41,Zirconium,
40,42,Zirconium,
40,43,Zirconium,
40,44,Zirconium,
40,45,Zirconium,
40,46,Zirconium,
40,47,Zirconium,
40,48,Zirconium,
40,49,Zirconium,
40,50,Zirconium,
40,51,Zirconium,
40,52,Zirconium,
40,53,Zirconium,
40,54,Zirconium,
40,55,Zirconium,
40,56,Zirconium,
40,57,Zirconium,
40,58,Zirconium,
40,59,Zirconium,
40,60,Zirconium,
40,61,Zirconium,
40,62,Zirconium,
40,63,Zirconium,
40,64,Zirconium,
40,65,Zirconium,
40,66,Zirconium,
40,67,Zirconium,
40,68,Zirconium,
40,69,Zirconium,
40,70,Zirconium,
40,71,Zirconium,
40,72,Zirconium,
40,73,Zirconium,
40,74,Zirconium,
41,40,Niobium,
41,41,Niobium,
41,42,Niobium,
41,43,Niobium,
41,44,Niobium,
41,45,Niobium,
41,46,Niobium,
41,47,Niobium,
41,48,Niobium,
41,49,Niobium,
41,50,Niobium,
41,51,Niobium,
41,52,Niobium,
41,53,Niobium,
41,54,Niobium,
41,55,Niobium,
41,56,Niobium,
41,57,Niobium,
41,58,Niobium,
41,59,Niobium,
41,60,Niobium,
41,61,Niobium,
41,62,Niobium,
41,63,Niobium,
41,64,Niobium,
41,65,Niobium,
41,66,Niobium,
41,67,Niobium,
41,68,Niobium,
41,69,Niobium,
41,70,Niobium,
41,71,Niobium,
41,72,Niobium,
41,73,Niobium,
41,74,Niobium,
41,75,Niobium,
41,76,Niobium,
42,39,Molybdenum,
42,40,Molybdenum,
42,41,Molybdenum,
42,42,Molybdenum,
42,43,Molybdenum,
42,44,Molybdenum,
42,45,Molybdenum,
42,46,Molybdenum,
42,47,Molybdenum,
42,48,Molybdenum,
42,49,Molybdenum,
42,50,Molybdenum,
42,51,Molybdenum,
42,52,Molybdenum,
42,53,Molybdenum,
42,54,Molybdenum,
42,55,Molybdenum,
42,56,Molybdenum,
42,57,Molybdenum,
42,58,Molybdenum,
42,59,Molybdenum,
42,60,Molybdenum,
42,61,Molybdenum,
42,62,Molybdenum,
42,63,Molybdenum,
42,64,Molybdenum,
42,65,Molybdenum,
42,66,Molybdenum,
42,67,Molybdenum,
42,68,Molybdenum,
42,69,Molybdenum,
42,70,Molybdenum,
42,71,Molybdenum,
42,72,Molybdenum,
42,73,Molybdenum,
42,74,Molybdenum,
42,75,Molybdenum,
42,76,Molybdenum,
42,77,Molybdenum,
43,42,Technetium,
43,43,Technetium,
43,44,Technetium,
43,45,Technetium,
43,46,Technetium,
43,47,Technetium,
43,48,Technetium,
43,49,Technetium,
43,50,Technetium,
43,51,Technetium,
43,52,Technetium,
43,53,Technetium,
43,54,Technetium,
43,55,Technetium,
43,56,Technetium,
43,57,Technetium,
43,58,Technetium,
43,59,Technetium,
43,60,Technetium,
43,61,Technetium,
43,62,Technetium,
43,63,Technetium,
43,64,Technetium,
43,65,Technetium,
43,66,Technetium,
43,67,Technetium,
43,68,Technetium,
43,69,Technetium,
43,70,Technetium,
43,71,Technetium,
43,72,Technetium,
43,73,Technetium,
43,74,Technetium,
43,75,Technetium,
43,76,Technetium,
43,77,Technetium,
43,78,Technetium,
43,79,Technetium,
44,41,Ruthenium,
44,42,Ruthenium,
44,43,Ruthenium,
44,44,Ruthenium,
44,45,Ruthenium,
44,46,Ruthenium,
44,47,Ruthenium,
44,48,Ruthenium,
44,49,Ruthenium,
44,50,Ruthenium,
44,51,Ruthenium,
44,52,Ruthenium,
44,53,Ruthenium,
44,54,Ruthenium,
44,55,Ruthenium,
44,56,Ruthenium,
44,57,Ruthenium,
44,58,Ruthenium,
44,59,Ruthenium,
44,60,Ruthenium,
44,61,Ruthenium,
44,62,Ruthenium,
44,63,Ruthenium,
44,64,Ruthenium,
44,65,Ruthenium,
44,66,Ruthenium,
44,67,Ruthenium,
44,68,Ruthenium,
44,69,Ruthenium,
44,70,Ruthenium,
44,71,Ruthenium,
44,72,Ruthenium,
44,73,Ruthenium,
44,74,Ruthenium,
44,75,Ruthenium,
44,76,Ruthenium,
44,77,Ruthenium,
44,78,Ruthenium,
44,79,Ruthenium,
44,80,Ruthenium,
44,81,Ruthenium,
45,44,Rhodium,
45,45,Rhodium,
45,46,Rhodium,
45,47,Rhodium,
45,48,Rhodium,
45,49,Rhodium,
45,50,Rhodium,
45,51,Rhodium,
45,52,Rhodium,
45,53,Rhodium,
45,54,Rhodium,
45,55,Rhodium,
45,56,Rhodium,
45,57,Rhodium,
45,58,Rhodium,
45,59,Rhodium,
45,60,Rhodium,
45,61,Rhodium,
45,62,Rhodium,
45,63,Rhodium,
45,64,Rhodium,
45,65,Rhodium,
45,66,Rhodium,
45,67,Rhodium,
45,68,Rhodium,
45,69,Rhodium,
45,70,Rhodium,
45,71,Rhodium,
45,72,Rhodium,
45,73,Rhodium,
45,74,Rhodium,
45,75,Rhodium,
45,76,Rhodium,
45,77,Rhodium,
45,78,Rhodium,
45,79,Rhodium,
45,80,Rhodium,
45,81,Rhodium,
45,82,Rhodium,
45,83,Rhodium,
46,44,Palladium,
46,45,Palladium,
46,46,Palladium,
46,47,Palladium,
46,48,Palladium,
46,49,Palladium,
46,50,Palladium,
46,51,Palladium,
46,52,Palladium,
46,53,Palladium,
46,54,Palladium,
46,55,Palladium,
46,56,Palladium,
46,57,Palladium,
46,58,Palladium,
46,59,Palladium,
46,60,Palladium,
46,61,Palladium,
46,62,Palladium,
46,63,Palladium,
46,64,Palladium,
46,65,Palladium,
46,66,Palladium,
46,67,Palladium,
46,68,Palladium,
46,69,Palladium,
46,70,Palladium,
46,71,Palladium,
46,72,Palladium,
46,73,Palladium,
46,74,Palladium,
46,75,Palladium,
46,76,Palladium,
46,77,Palladium,
46,78,Palladium,
46,79,Palladium,
46,80,Palladium,
46,81,Palladium,
46,82,Palladium,
46,83,Palladium,
46,84,Palladium,
46,85,Palladium,
47,45,Silver,
47,46,Silver,
47,47,Silver,
47,48,Silver,
47,49,Silver,
47,50,Silver,
47,51,Silver,
47,52,Silver,
47,53,Silver,
47,54,Silver,
47,55,Silver,
47,56,Silver,
47,57,Silver,
47,58,Silver,
47,59,Silver,
47,60,Silver,
47,61,Silver,
47,62,Silver,
47,63,Silver,
47,64,Silver,
47,65,Silver,
47,66,Silver,
47,67,Silver,
47,68,Silver,
47,69,Silver,
47,70,Silver,
47,71,Silver,
47,72,Silver,
47,73,Silver,
47,74,Silver,
47,75,Silver,
47,76,Silver,
47,77,Silver,
47,78,Silver,
47,79,Silver,
47,80,Silver,
47,81,Silver,
47,82,Silver,
47,83,Silver,
47,84,Silver,
47,85,Silver,
48,46,Cadmium,
48,47,Cadmium,
48,48,Cadmium,
48,49,Cadmium,
48,50,Cadmium,
48,51,Cadmium,
48,52,Cadmium,
48,53,Cadmium,
48,54,Cadmium,
48,55,Cadmium,
48,56,Cadmium,
48,57,Cadmium,
48,58,Cadmium,
48,59,Cadmium,
48,60,Cadmium,
48,61,Cadmium,
48,62,Cadmium,
48,63,Cadmium,
48,64,Cadmium,
48,65,Cadmium,
48,66,Cadmium,
48,67,Cadmium,
48,68,Cadmium,
48,69,Cadmium,
48,70,Cadmium,
48,71,Cadmium,
48,72,Cadmium,
48,73,Cadmium,
48,74,Cadmium,
48,75,Cadmium,
48,76,Cadmium,
48,77,Cadmium,
48,78,Cadmium,
48,79,Cadmium,
48,80,Cadmium,
48,81,Cadmium,
48,82,Cadmium,
48,83,Cadmium,
48,84,Cadmium,
48,85,Cadmium,
48,86,Cadmium,
49,47,Indium,
49,48,Indium,
49,49,Indium,
49,50,Indium,
49,51,Indium,
49,52,Indium,
49,53,Indium,
49,54,Indium,
49,55,Indium,
49,56,Indium,
49,57,Indium,
49,58,Indium,
49,59,Indium,
49,60,Indium,
49,61,Indium,
49,62,Indium,
49,63,Indium,
49,64,Indium,
49,65,Indium,
49,66,Indium,
49,67,Indium,
49,68,Indium,
49,69,Indium,
49,70,Indium,
49,71,Indium,
49,72,Indium,
49,73,Indium,
49,74,Indium,
49,75,Indium,
49,76,Indium,
49,77,Indium,
49,78,Indium,
49,79,Indium,
49,80,Indium,
49,81,Indium,
49,82,Indium,
49,83,Indium,
49,84,Indium,
49,85,Indium,
49,86,Indium,
49,87,Indium,
49,88,Indium,
50,49,Tin,
50,50,Tin,
50,51,Tin,
50,52,Tin,
50,53,Tin,
50,54,Tin,
50,55,Tin,
50,56,Tin,
50,57,Tin,
50,58,Tin,
50,59,Tin,
50,60,Tin,
50,61,Tin,
50,62,Tin,
50,63,Tin,
50,64,Tin,
50,65,Tin,
50,66,Tin,
50,67,Tin,
50,68,Tin,
50,69,Tin,
50,70,Tin,
50,71,Tin,
50,72,Tin,
50,73,Tin,
50,74,Tin,
50,75,Tin,
50,76,Tin,
50,77,Tin,
50,78,Tin,
50,79,Tin,
50,80,Tin,
50,81,Tin,
50,82,Tin,
50,83,Tin,
50,84,Tin,
50,85,Tin,
50,86,Tin,
50,87,Tin,
50,88,Tin,
50,89,Tin,
50,90,Tin,
51,52,Antimony,
51,53,Antimony,
51,54,Antimony,
51,55,Antimony,
51,56,Antimony,
51,57,Antimony,
51,58,Antimony,
51,59,Antimony,
51,60,Antimony,
51,61,Antimony,
51,62,Antimony,
51,63,Antimony,
51,64,Antimony,
51,65,Antimony,
51,66,Antimony,
51,67,Antimony,
51,68,Antimony,
51,69,Antimony,
51,70,Antimony,
51,71,Antimony,
51,72,Antimony,
51,73,Antimony,
51,74,Antimony,
51,75,Antimony,
51,76,Antimony,
51,77,Antimony,
51,78,Antimony,
51,79,Antimony,
51,80,Antimony,
51,81,Antimony,
51,82,Antimony,
51,83,Antimony,
51,84,Antimony,
51,85,Antimony,
51,86,Antimony,
51,87,Antimony,
51,88,Antimony,
51,89,Antimony,
51,90,Antimony,
51,91,Antimony,
52,52,Tellurium,
52,53,Tellurium,
52,54,Tellurium,
52,55,Tellurium,
52,56,Tellurium,
52,57,Tellurium,
52,58,Tellurium,
52,59,Tellurium,
52,60,Tellurium,
52,61,Tellurium,
52,62,Tellurium,
52,63,Tellurium,
52,64,Tellurium,
52,65,Tellurium,
52,66,Tellurium,
52,67,Tellurium,
52,68,Tellurium,
52,69,Tellurium,
52,70,Tellurium,
52,71,Tellurium,
52,72,Tellurium,
52,73,Tellurium,
52,74,Tellurium,
52,75,Tellurium,
52,76,Tellurium,
52,77,Tellurium,
52,78,Tellurium,
52,79,Tellurium,
52,80,Tellurium,
52,81,Tellurium,
52,82,Tellurium,
52,83,Tellurium,
52,84,Tellurium,
52,85,Tellurium,
52,86,Tellurium,
52,87,Tellurium,
52,88,Tellurium,
52,89,Tellurium,
52,90,Tellurium,
52,91,Tellurium,
52,92,Tellurium,
52,93,Tellurium,
53,55,Iodine,
53,56,Iodine,
53,57,Iodine,
53,58,Iodine,
53,59,Iodine,
53,60,Iodine,
53,61,Iodine,
53,62,Iodine,
53,63,Iodine,
53,64,Iodine,
53,65,Iodine,
53,66,Iodine,
53,67,Iodine,
53,68,Iodine,
53,69,Iodine,
53,70,Iodine,
53,71,Iodine,
53,72,Iodine,
53,73,Iodine,
53,74,Iodine,
53,75,Iodine,
53,76,Iodine,
53,77,Iodine,
53,78,Iodine,
53,79,Iodine,
53,80,Iodine,
53,81,Iodine,
53,82,Iodine,
53,83,Iodine,
53,84,Iodine,
53,85,Iodine,
53,86,Iodine,
53,87,Iodine,
53,88,Iodine,
53,89,Iodine,
53,90,Iodine,
53,91,Iodine,
53,92,Iodine,
53,93,Iodine,
53,94,Iodine,
54,54,Xenon,
54,55,Xenon,
54,56,Xenon,
54,57,Xenon,
54,58,Xenon,
54,59,Xenon,
54,60,Xenon,
54,61,Xenon,
54,62,Xenon,
54,63,Xenon,
54,64,Xenon,
54,65,Xenon,
54,66,Xenon,
54,67,Xenon,
54,68,Xenon,
54,69,Xenon,
54,70,Xenon,
54,71,Xenon,
54,72,Xenon,
54,73,Xenon,
54,74,Xenon,
54,75,Xenon,
54,76,Xenon,
54,77,Xenon,
54,78,Xenon,
54,79,Xenon,
54,80,Xenon,
54,81,Xenon,
54,82,Xenon,
54,83,Xenon,
54,84,Xenon,
54,85,Xenon,
54,86,Xenon,
54,87,Xenon,
54,88,Xenon,
54,89,Xenon,
54,90,Xenon,
54,91,Xenon,
54,92,Xenon,
54,93,Xenon,
54,94,Xenon,
54,95,Xenon,
54,96,Xenon,
55,57,Cesium,
55,58,Cesium,
55,59,Cesium,
55,60,Cesium,
55,61,Cesium,
55,62,Cesium,
55,63,Cesium,
55,64,Cesium,
55,65,Cesium,
55,66,Cesium,
55,67,Cesium,
55,68,Cesium,
55,69,Cesium,
55,70,Cesium,
55,71,Cesium,
55,72,Cesium,
55,73,Cesium,
55,74,Cesium,
55,75,Cesium,
55,76,Cesium,
55,77,Cesium,
55,78,Cesium,
55,79,Cesium,
55,80,Cesium,
55,81,Cesium,
55,82,Cesium,
55,83,Cesium,
55,84,Cesium,
55,85,Cesium,
55,86,Cesium,
55,87,Cesium,
55,88,Cesium,
55,89,Cesium,
55,90,Cesium,
55,91,Cesium,
55,92,Cesium,
55,93,Cesium,
55,94,Cesium,
55,95,Cesium,
55,96,Cesium,
55,97,Cesium,
56,58,Barium,
56,59,Barium,
56,60,Barium,
56,61,Barium,
56,62,Barium,
56,63,Barium,
56,64,Barium,
56,65,Barium,
56,66,Barium,
56,67,Barium,
56,68,Barium,
56,69,Barium,
56,70,Barium,
56,71,Barium,
56,72,Barium,
56,73,Barium,
56,74,Barium,
56,75,Barium,
56,76,Barium,
56,77,Barium,
56,78,Barium,
56,79,Barium,
56,80,Barium,
56,81,Barium,
56,82,Barium,
56,83,Barium,
56,84,Barium,
56,85,Barium,
56,86,Barium,
56,87,Barium,
56,88,Barium,
56,89,Barium,
56,90,Barium,
56,91,Barium,
56,92,Barium,
56,93,Barium,
56,94,Barium,
56,95,Barium,
56,96,Barium,
56,97,Barium,
56,98,Barium,
57,59,Lanthanum,
57,60,Lanthanum,
57,63,Lanthanum,
57,64,Lanthanum,
57,65,Lanthanum,
57,66,Lanthanum,
57,67,Lanthanum,
57,68,Lanthanum,
57,69,Lanthanum,
57,70,Lanthanum,
57,71,Lanthanum,
57,72,Lanthanum,
57,73,Lanthanum,
57,74,Lanthanum,
57,75,Lanthanum,
57,76,Lanthanum,
57,77,Lanthanum,
57,78,Lanthanum,
57,79,Lanthanum,
57,80,Lanthanum,
57,81,Lanthanum,
57,82,Lanthanum,
57,83,Lanthanum,
57,84,Lanthanum,
57,85,Lanthanum,
57,86,Lanthanum,
57,87,Lanthanum,
57,88,Lanthanum,
57,89,Lanthanum,
57,90,Lanthanum,
57,91,Lanthanum,
57,92,Lanthanum,
57,93,Lanthanum,
57,94,Lanthanum,
57,95,Lanthanum,
57,96,Lanthanum,
57,97,Lanthanum,
57,98,Lanthanum,
57,99,Lanthanum,
57,100,Lanthanum,
58,63,Cerium,
58,64,Cerium,
58,65,Cerium,
58,66,Cerium,
58,67,Cerium,
58,68,Cerium,
58,69,Cerium,
58,70,Cerium,
58,71,Cerium,
58,72,Cerium,
58,73,Cerium,
58,74,Cerium,
58,75,Cerium,
58,76,Cerium,
58,77,Cerium,
58,78,Cerium,
58,79,Cerium,
58,80,Cerium,
58,81,Cerium,
58,82,Cerium,
58,83,Cerium,
58,84,Cerium,
58,85,Cerium,
58,86,Cerium,
58,87,Cerium,
58,88,Cerium,
58,89,Cerium,
58,90,Cerium,
58,91,Cerium,
58,92,Cerium,
58,93,Cerium,
58,94,Cerium,
58,95,Cerium,
58,96,Cerium,
58,97,Cerium,
58,98,Cerium,
58,99,Cerium,
58,100,Cerium,
59,62,Praseodymium,
59,65,Praseodymium,
59,66,Praseodymium,
59,67,Praseodymium,
59,68,Praseodymium,
59,69,Praseodymium,
59,70,Praseodymium,
59,71,Praseodymium,
59,72,Praseodymium,
59,73,Praseodymium,
59,74,Praseodymium,
59,75,Praseodymium,
59,76,Praseodymium,
59,77,Praseodymium,
59,78,Praseodymium,
59,79,Praseodymium,
59,80,Praseodymium,
59,81,Praseodymium,
59,82,Praseodymium,
59,83,Praseodymium,
59,84,Praseodymium,
59,85,Praseodymium,
59,86,Praseodymium,
59,87,Praseodymium,
59,88,Praseodymium,
59,89,Praseodymium,
59,90,Praseodymium,
59,91,Praseodymium,
59,92,Praseodymium,
59,93,Praseodymium,
59,94,Praseodymium,
59,95,Praseodymium,
59,96,Praseodymium,
59,97,Praseodymium,
59,98,Praseodymium,
59,99,Praseodymium,
59,100,Praseodymium,
59,101,Praseodymium,
59,102,Praseodymium,
60,65,Neodymium,
60,66,Neodymium,
60,67,Neodymium,
60,68,Neodymium,
60,69,Neodymium,
60,70,Neodymium,
60,71,Neodymium,
60,72,Neodymium,
60,73,Neodymium,
60,74,Neodymium,
60,75,Neodymium,
60,76,Neodymium,
60,77,Neodymium,
60,78,Neodymium,
60,79,Neodymium,
60,80,Neodymium,
60,81,Neodymium,
60,82,Neodymium,
60,83,Neodymium,
60,84,Neodymium,
60,85,Neodymium,
60,86,Neodymium,
60,87,Neodymium,
60,88,Neodymium,
60,89,Neodymium,
60,90,Neodymium,
60,91,Neodymium,
60,92,Neodymium,
60,93,Neodymium,
60,94,Neodymium,
60,95,Neodymium,
60,96,Neodymium,
60,97,Neodymium,
60,98,Neodymium,
60,99,Neodymium,
60,100,Neodymium,
60,101,Neodymium,
60,102,Neodymium,
60,103,Neodymium,
61,67,Promethium,
61,68,Promethium,
61,69,Promethium,
61,70,Promethium,
61,71,Promethium,
61,72,Promethium,
61,73,Promethium,
61,74,Promethium,
61,75,Promethium,
61,76,Promethium,
61,77,Promethium,
61,78,Promethium,
61,79,Promethium,
61,80,Promethium,
61,81,Promethium,
61,82,Promethium,
61,83,Promethium,
61,84,Promethium,
61,85,Promethium,
61,86,Promethium,
61,87,Promethium,
61,88,Promethium,
61,89,Promethium,
61,90,Promethium,
61,91,Promethium,
61,92,Promethium,
61,93,Promethium,
61,94,Promethium,
61,95,Promethium,
61,96,Promethium,
61,97,Promethium,
61,98,Promethium,
61,99,Promethium,
61,100,Promethium,
61,101,Promethium,
61,102,Promethium,
61,103,Promethium,
61,104,Promethium,
62,67,Samarium,
62,68,Samarium,
62,69,Samarium,
62,70,Samarium,
62,71,Samarium,
62,72,Samarium,
62,73,Samarium,
62,74,Samarium,
62,75,Samarium,
62,76,Samarium,
62,77,Samarium,
62,78,Samarium,
62,79,Samarium,
62,80,Samarium,
62,81,Samarium,
62,82,Samarium,
62,83,Samarium,
62,84,Samarium,
62,85,Samarium,
62,86,Samarium,
62,87,Samarium,
62,88,Samarium,
62,89,Samarium,
62,90,Samarium,
62,91,Samarium,
62,92,Samarium,
62,93,Samarium,
62,94,Samarium,
62,95,Samarium,
62,96,Samarium,
62,97,Samarium,
62,98,Samarium,
62,99,Samarium,
62,100,Samarium,
62,101,Samarium,
62,102,Samarium,
62,103,Samarium,
62,104,Samarium,
62,105,Samarium,
62,106,Samarium,
63,67,Europium,
63,68,Europium,
63,69,Europium,
63,71,Europium,
63,72,Europium,
63,73,Europium,
63,74,Europium,
63,75,Europium,
63,76,Europium,
63,77,Europium,
63,78,Europium,
63,79,Europium,
63,80,Europium,
63,81,Europium,
63,82,Europium,
63,83,Europium,
63,84,Europium,
63,85,Europium,
63,86,Europium,
63,87,Europium,
63,88,Europium,
63,89,Europium,
63,90,Europium,
63,91,Europium,
63,92,Europium,
63,93,Europium,
63,94,Europium,
63,95,Europium,
63,96,Europium,
63,97,Europium,
63,98,Europium,
63,99,Europium,
63,100,Europium,
63,101,Europium,
63,102,Europium,
63,103,Europium,
63,104,Europium,
63,105,Europium,
63,106,Europium,
64,70,Gadolinium,
64,71,Gadolinium,
64,72,Gadolinium,
64,73,Gadolinium,
64,74,Gadolinium,
64,75,Gadolinium,
64,76,Gadolinium,
64,77,Gadolinium,
64,78,Gadolinium,
64,79,Gadolinium,
64,80,Gadolinium,
64,81,Gadolinium,
64,82,Gadolinium,
64,83,Gadolinium,
64,84,Gadolinium,
64,85,Gadolinium,
64,86,Gadolinium,
64,87,Gadolinium,
64,88,Gadolinium,
64,89,Gadolinium,
64,90,Gadolinium,
64,91,Gadolinium,
64,92,Gadolinium,
64,93,Gadolinium,
64,94,Gadolinium,
64,95,Gadolinium,
64,96,Gadolinium,
64,97,Gadolinium,
64,98,Gadolinium,
64,99,Gadolinium,
64,100,Gadolinium,
64,101,Gadolinium,
64,102,Gadolinium,
64,103,Gadolinium,
64,104,Gadolinium,
64,105,Gadolinium,
64,106,Gadolinium,
64,107,Gadolinium,
64,108,Gadolinium,
65,70,Terbium,
65,73,Terbium,
65,74,Terbium,
65,75,Terbium,
65,76,Terbium,
65,77,Terbium,
65,78,Terbium,
65,79,Terbium,
65,80,Terbium,
65,81,Terbium,
65,82,Terbium,
65,83,Terbium,
65,84,Terbium,
65,85,Terbium,
65,86,Terbium,
65,87,Terbium,
65,88,Terbium,
65,89,Terbium,
65,90,Terbium,
65,91,Terbium,
65,92,Terbium,
65,93,Terbium,
65,94,Terbium,
65,95,Terbium,
65,96,Terbium,
65,97,Terbium,
65,98,Terbium,
65,99,Terbium,
65,100,Terbium,
65,101,Terbium,
65,102,Terbium,
65,103,Terbium,
65,104,Terbium,
65,105,Terbium,
65,106,Terbium,
65,107,Terbium,
65,108,Terbium,
65,109,Terbium,
66,73,Dysprosium,
66,74,Dysprosium,
66,75,Dysprosium,
66,76,Dysprosium,
66,77,Dysprosium,
66,78,Dysprosium,
66,79,Dysprosium,
66,80,Dysprosium,
66,81,Dysprosium,
66,82,Dysprosium,
66,83,Dysprosium,
66,84,Dysprosium,
66,85,Dysprosium,
66,86,Dysprosium,
66,87,Dysprosium,
66,88,Dysprosium,
66,89,Dysprosium,
66,90,Dysprosium,
66,91,Dysprosium,
66,92,Dysprosium,
66,93,Dysprosium,
66,94,Dysprosium,
66,95,Dysprosium,
66,96,Dysprosium,
66,97,Dysprosium,
66,98,Dysprosium,
66,99,Dysprosium,
66,100,Dysprosium,
66,101,Dysprosium,
66,102,Dysprosium,
66,103,Dysprosium,
66,104,Dysprosium,
66,105,Dysprosium,
66,106,Dysprosium,
66,107,Dysprosium,
66,108,Dysprosium,
66,109,Dysprosium,
66,110,Dysprosium,
67,73,Holmium,
67,74,Holmium,
67,75,Holmium,
67,76,Holmium,
67,77,Holmium,
67,78,Holmium,
67,79,Holmium,
67,80,Holmium,
67,81,Holmium,
67,82,Holmium,
67,83,Holmium,
67,84,Holmium,
67,85,Holmium,
67,86,Holmium,
67,87,Holmium,
67,88,Holmium,
67,89,Holmium,
67,90,Holmium,
67,91,Holmium,
67,92,Holmium,
67,93,Holmium,
67,94,Holmium,
67,95,Holmium,
67,96,Holmium,
67,97,Holmium,
67,98,Holmium,
67,99,Holmium,
67,100,Holmium,
67,101,Holmium,
67,102,Holmium,
67,103,Holmium,
67,104,Holmium,
67,105,Holmium,
67,106,Holmium,
67,107,Holmium,
67,108,Holmium,
67,109,Holmium,
67,110,Holmium,
67,111,Holmium,
68,75,Erbium,
68,76,Erbium,
68,77,Erbium,
68,78,Erbium,
68,79,Erbium,
68,80,Erbium,
68,81,Erbium,
68,82,Erbium,
68,83,Erbium,
68,84,Erbium,
68,85,Erbium,
68,86,Erbium,
68,87,Erbium,
68,88,Erbium,
68,89,Erbium,
68,90,Erbium,
68,91,Erbium,
68,92,Erbium,
68,93,Erbium,
68,94,Erbium,
68,95,Erbium,
68,96,Erbium,
68,97,Erbium,
68,98,Erbium,
68,99,Erbium,
68,100,Erbium,
68,101,Erbium,
68,102,Erbium,
68,103,Erbium,
68,104,Erbium,
68,105,Erbium,
68,106,Erbium,
68,107,Erbium,
68,108,Erbium,
68,109,Erbium,
68,110,Erbium,
68,111,Erbium,
68,112,Erbium,
69,75,Thulium,
69,76,Thulium,
69,77,Thulium,
69,78,Thulium,
69,79,Thulium,
69,80,Thulium,
69,81,Thulium,
69,82,Thulium,
69,83,Thulium,
69,84,Thulium,
69,85,Thulium,
69,86,Thulium,
69,87,Thulium,
69,88,Thulium,
69,89,Thulium,
69,90,Thulium,
69,91,Thulium,
69,92,Thulium,
69,93,Thulium,
69,94,Thulium,
69,95,Thulium,
69,96,Thulium,
69,97,Thulium,
69,98,Thulium,
69,99,Thulium,
69,100,Thulium,
69,101,Thulium,
69,102,Thulium,
69,103,Thulium,
69,104,Thulium,
69,105,Thulium,
69,106,Thulium,
69,107,Thulium,
69,108,Thulium,
69,109,Thulium,
69,110,Thulium,
69,111,Thulium,
69,112,Thulium,
70,79,Ytterbium,
70,80,Ytterbium,
70,81,Ytterbium,
70,82,Ytterbium,
70,83,Ytterbium,
70,84,Ytterbium,
70,85,Ytterbium,
70,86,Ytterbium,
70,87,Ytterbium,
70,88,Ytterbium,
70,89,Ytterbium,
70,90,Ytterbium,
70,91,Ytterbium,
70,92,Ytterbium,
70,93,Ytterbium,
70,94,Ytterbium,
70,95,Ytterbium,
70,96,Ytterbium,
70,97,Ytterbium,
70,98,Ytterbium,
70,99,Ytterbium,
70,100,Ytterbium,
70,101,Ytterbium,
70,102,Ytterbium,
70,103,Ytterbium,
70,104,Ytterbium,
70,105,Ytterbium,
70,106,Ytterbium,
70,107,Ytterbium,
70,108,Ytterbium,
70,109,Ytterbium,
70,110,Ytterbium,
70,111,Ytterbium,
70,112,Ytterbium,
70,113,Ytterbium,
70,114,Ytterbium,
70,115,Ytterbium,
71,78,Lutetium,
71,79,Lutetium,
71,80,Lutetium,
71,81,Lutetium,
71,82,Lutetium,
71,83,Lutetium,
71,84,Lutetium,
71,85,Lutetium,
71,86,Lutetium,
71,87,Lutetium,
71,88,Lutetium,
71,89,Lutetium,
71,90,Lutetium,
71,91,Lutetium,
71,92,Lutetium,
71,93,Lutetium,
71,94,Lutetium,
71,95,Lutetium,
71,96,Lutetium,
71,97,Lutetium,
71,98,Lutetium,
71,99,Lutetium,
71,100,Lutetium,
71,101,Lutetium,
71,102,Lutetium,
71,103,Lutetium,
71,104,Lutetium,
71,105,Lutetium,
71,106,Lutetium,
71,107,Lutetium,
71,108,Lutetium,
71,109,Lutetium,
71,110,Lutetium,
71,111,Lutetium,
71,112,Lutetium,
71,113,Lutetium,
71,114,Lutetium,
71,115,Lutetium,
71,116,Lutetium,
71,117,Lutetium,
72,79,Hafnium,
72,81,Hafnium,
72,82,Hafnium,
72,83,Hafnium,
72,84,Hafnium,
72,85,Hafnium,
72,86,Hafnium,
72,87,Hafnium,
72,88,Hafnium,
72,89,Hafnium,
72,90,Hafnium,
72,91,Hafnium,
72,92,Hafnium,
72,93,Hafnium,
72,94,Hafnium,
72,95,Hafnium,
72,96,Hafnium,
72,97,Hafnium,
72,98,Hafnium,
72,99,Hafnium,
72,100,Hafnium,
72,101,Hafnium,
72,102,Hafnium,
72,103,Hafnium,
72,104,Hafnium,
72,105,Hafnium,
72,106,Hafnium,
72,107,Hafnium,
72,108,Hafnium,
72,109,Hafnium,
72,110,Hafnium,
72,111,Hafnium,
72,112,Hafnium,
72,113,Hafnium,
72,114,Hafnium,
72,115,Hafnium,
72,116,Hafnium,
72,117,Hafnium,
72,118,Hafnium,
73,82,Tantalum,
73,83,Tantalum,
73,84,Tantalum,
73,85,Tantalum,
73,86,Tantalum,
73,87,Tantalum,
73,88,Tantalum,
73,89,Tantalum,
73,90,Tantalum,
73,91,Tantalum,
73,92,Tantalum,
73,93,Tantalum,
73,94,Tantalum,
73,95,Tantalum,
73,96,Tantalum,
73,97,Tantalum,
73,98,Tantalum,
73,99,Tantalum,
73,100,Tantalum,
73,101,Tantalum,
73,102,Tantalum,
73,103,Tantalum,
73,104,Tantalum,
73,105,Tantalum,
73,106,Tantalum,
73,107,Tantalum,
73,108,Tantalum,
73,109,Tantalum,
73,110,Tantalum,
73,111,Tantalum,
73,112,Tantalum,
73,113,Tantalum,
73,114,Tantalum,
73,115,Tantalum,
73,116,Tantalum,
73,117,Tantalum,
73,118,Tantalum,
73,119,Tantalum,
73,120,Tantalum,
73,121,Tantalum,
74,83,Tungsten,
74,84,Tungsten,
74,85,Tungsten,
74,86,Tungsten,
74,87,Tungsten,
74,88,Tungsten,
74,89,Tungsten,
74,90,Tungsten,
74,91,Tungsten,
74,92,Tungsten,
74,93,Tungsten,
74,94,Tungsten,
74,95,Tungsten,
74,96,Tungsten,
74,97,Tungsten,
74,98,Tungsten,
74,99,Tungsten,
74,100,Tungsten,
74,101,Tungsten,
74,102,Tungsten,
74,103,Tungsten,
74,104,Tungsten,
74,105,Tungsten,
74,106,Tungsten,
74,107,Tungsten,
74,108,Tungsten,
74,109,Tungsten,
74,110,Tungsten,
74,111,Tungsten,
74,112,Tungsten,
74,113,Tungsten,
74,114,Tungsten,
74,115,Tungsten,
74,116,Tungsten,
74,117,Tungsten,
74,118,Tungsten,
74,119,Tungsten,
74,120,Tungsten,
74,121,Tungsten,
74,122,Tungsten,
74,123,Tungsten,
75,84,Rhenium,
75,85,Rhenium,
75,86,Rhenium,
75,87,Rhenium,
75,88,Rhenium,
75,89,Rhenium,
75,90,Rhenium,
75,91,Rhenium,
75,92,Rhenium,
75,93,Rhenium,
75,94,Rhenium,
75,95,Rhenium,
75,96,Rhenium,
75,97,Rhenium,
75,98,Rhenium,
75,99,Rhenium,
75,100,Rhenium,
75,101,Rhenium,
75,102,Rhenium,
75,103,Rhenium,
75,104,Rhenium,
75,105,Rhenium,
75,106,Rhenium,
75,107,Rhenium,
75,108,Rhenium,
75,109,Rhenium,
75,110,Rhenium,
75,111,Rhenium,
75,112,Rhenium,
75,113,Rhenium,
75,114,Rhenium,
75,115,Rhenium,
75,116,Rhenium,
75,117,Rhenium,
75,118,Rhenium,
75,119,Rhenium,
75,120,Rhenium,
75,121,Rhenium,
75,122,Rhenium,
75,123,Rhenium,
75,124,Rhenium,
76,85,Osmium,
76,86,Osmium,
76,87,Osmium,
76,88,Osmium,
76,89,Osmium,
76,90,Osmium,
76,91,Osmium,
76,92,Osmium,
76,93,Osmium,
76,94,Osmium,
76,95,Osmium,
76,96,Osmium,
76,97,Osmium,
76,98,Osmium,
76,99,Osmium,
76,100,Osmium,
76,101,Osmium,
76,102,Osmium,
76,103,Osmium,
76,104,Osmium,
76,105,Osmium,
76,106,Osmium,
76,107,Osmium,
76,108,Osmium,
76,109,Osmium,
76,110,Osmium,
76,111,Osmium,
76,112,Osmium,
76,113,Osmium,
76,114,Osmium,
76,115,Osmium,
76,116,Osmium,
76,117,Osmium,
76,118,Osmium,
76,119,Osmium,
76,120,Osmium,
76,121,Osmium,
76,122,Osmium,
76,123,Osmium,
76,124,Osmium,
76,125,Osmium,
76,126,Osmium,
76,127,Osmium,
77,87,Iridium,
77,88,Iridium,
77,89,Iridium,
77,90,Iridium,
77,91,Iridium,
77,92,Iridium,
77,93,Iridium,
77,94,Iridium,
77,95,Iridium,
77,96,Iridium,
77,97,Iridium,
77,98,Iridium,
77,99,Iridium,
77,100,Iridium,
77,101,Iridium,
77,102,Iridium,
77,103,Iridium,
77,104,Iridium,
77,105,Iridium,
77,106,Iridium,
77,107,Iridium,
77,108,Iridium,
77,109,Iridium,
77,110,Iridium,
77,111,Iridium,
77,112,Iridium,
77,113,Iridium,
77,114,Iridium,
77,115,Iridium,
77,116,Iridium,
77,117,Iridium,
77,118,Iridium,
77,119,Iridium,
77,120,Iridium,
77,121,Iridium,
77,122,Iridium,
77,123,Iridium,
77,124,Iridium,
77,125,Iridium,
77,126,Iridium,
77,127,Iridium,
77,128,Iridium,
78,87,Platinum,
78,88,Platinum,
78,89,Platinum,
78,90,Platinum,
78,91,Platinum,
78,92,Platinum,
78,93,Platinum,
78,94,Platinum,
78,95,Platinum,
78,96,Platinum,
78,97,Platinum,
78,98,Platinum,
78,99,Platinum,
78,100,Platinum,
78,101,Platinum,
78,102,Platinum,
78,103,Platinum,
78,104,Platinum,
78,105,Platinum,
78,106,Platinum,
78,107,Platinum,
78,108,Platinum,
78,109,Platinum,
78,110,Platinum,
78,111,Platinum,
78,112,Platinum,
78,113,Platinum,
78,114,Platinum,
78,115,Platinum,
78,116,Platinum,
78,117,Platinum,
78,118,Platinum,
78,119,Platinum,
78,120,Platinum,
78,121,Platinum,
78,122,Platinum,
78,123,Platinum,
78,124,Platinum,
78,125,Platinum,
78,126,Platinum,
78,127,Platinum,
78,128,Platinum,
78,129,Platinum,
78,130,Platinum,
79,91,Gold,
79,92,Gold,
79,93,Gold,
79,94,Gold,
79,95,Gold,
79,96,Gold,
79,97,Gold,
79,98,Gold,
79,99,Gold,
79,100,Gold,
79,101,Gold,
79,102,Gold,
79,103,Gold,
79,104,Gold,
79,105,Gold,
79,106,Gold,
79,107,Gold,
79,108,Gold,
79,109,Gold,
79,110,Gold,
79,111,Gold,
79,112,Gold,
79,113,Gold,
79,114,Gold,
79,115,Gold,
79,116,Gold,
79,117,Gold,
79,118,Gold,
79,119,Gold,
79,120,Gold,
79,121,Gold,
79,122,Gold,
79,123,Gold,
79,124,Gold,
79,125,Gold,
79,126,Gold,
79,127,Gold,
79,128,Gold,
79,129,Gold,
79,130,Gold,
79,131,Gold,
80,90,Mercury,
80,91,Mercury,
80,92,Mercury,
80,93,Mercury,
80,94,Mercury,
80,95,Mercury,
80,96,Mercury,
80,97,Mercury,
80,98,Mercury,
80,99,Mercury,
80,100,Mercury,
80,101,Mercury,
80,102,Mercury,
80,103,Mercury,
80,104,Mercury,
80,105,Mercury,
80,106,Mercury,
80,107,Mercury,
80,108,Mercury,
80,109,Mercury,
80,110,Mercury,
80,111,Mercury,
80,112,Mercury,
80,113,Mercury,
80,114,Mercury,
80,115,Mercury,
80,116,Mercury,
80,117,Mercury,
80,118,Mercury,
80,119,Mercury,
80,120,Mercury,
80,121,Mercury,
80,122,Mercury,
80,123,Mercury,
80,124,Mercury,
80,125,Mercury,
80,126,Mercury,
80,127,Mercury,
80,128,Mercury,
80,129,Mercury,
80,130,Mercury,
80,131,Mercury,
80,132,Mercury,
80,133,Mercury,
80,134,Mercury,
80,135,Mercury,
80,136,Mercury,
81,95,Thallium,
81,96,Thallium,
81,97,Thallium,
81,98,Thallium,
81,99,Thallium,
81,100,Thallium,
81,101,Thallium,
81,102,Thallium,
81,103,Thallium,
81,104,Thallium,
81,105,Thallium,
81,106,Thallium,
81,107,Thallium,
81,108,Thallium,
81,109,Thallium,
81,110,Thallium,
81,111,Thallium,
81,112,Thallium,
81,113,Thallium,
81,114,Thallium,
81,115,Thallium,
81,116,Thallium,
81,117,Thallium,
81,118,Thallium,
81,119,Thallium,
81,120,Thallium,
81,121,Thallium,
81,122,Thallium,
81,123,Thallium,
81,124,Thallium,
81,125,Thallium,
81,126,Thallium,
81,127,Thallium,
81,128,Thallium,
81,129,Thallium,
81,130,Thallium,
81,131,Thallium,
81,132,Thallium,
81,133,Thallium,
81,134,Thallium,
81,135,Thallium,
81,136,Thallium,
82,96,Lead,
82,97,Lead,
82,98,Lead,
82,99,Lead,
82,100,Lead,
82,101,Lead,
82,102,Lead,
82,103,Lead,
82,104,Lead,
82,105,Lead,
82,106,Lead,
82,107,Lead,
82,108,Lead,
82,109,Lead,
82,110,Lead,
82,111,Lead,
82,112,Lead,
82,113,Lead,
82,114,Lead,
82,115,Lead,
82,116,Lead,
82,117,Lead,
82,118,Lead,
82,119,Lead,
82,120,Lead,
82,121,Lead,
82,122,Lead,
82,123,Lead,
82,124,Lead,
82,125,Lead,
82,126,Lead,
82,127,Lead,
82,128,Lead,
82,129,Lead,
82,130,Lead,
82,131,Lead,
82,132,Lead,
82,133,Lead,
82,134,Lead,
82,135,Lead,
82,136,Lead,
82,137,Lead,
82,138,Lead,
83,101,Bismuth,
83,102,Bismuth,
83,103,Bismuth,
83,104,Bismuth,
83,105,Bismuth,
83,106,Bismuth,
83,107,Bismuth,
83,108,Bismuth,
83,109,Bismuth,
83,110,Bismuth,
83,111,Bismuth,
83,112,Bismuth,
83,113,Bismuth,
83,114,Bismuth,
83,115,Bismuth,
83,116,Bismuth,
83,117,Bismuth,
83,118,Bismuth,
83,119,Bismuth,
83,120,Bismuth,
83,121,Bismuth,
83,122,Bismuth,
83,123,Bismuth,
83,124,Bismuth,
83,125,Bismuth,
83,126,Bismuth,
83,127,Bismuth,
83,128,Bismuth,
83,129,Bismuth,
83,130,Bismuth,
83,131,Bismuth,
83,132,Bismuth,
83,133,Bismuth,
83,134,Bismuth,
83,135,Bismuth,
83,136,Bismuth,
83,137,Bismuth,
83,138,Bismuth,
83,139,Bismuth,
83,140,Bismuth,
83,141,Bismuth,
84,102,Polonium,
84,103,Polonium,
84,104,Polonium,
84,105,Polonium,
84,106,Polonium,
84,107,Polonium,
84,108,Polonium,
84,109,Polonium,
84,110,Polonium,
84,111,Polonium,
84,112,Polonium,
84,113,Polonium,
84,114,Polonium,
84,115,Polonium,
84,116,Polonium,
84,117,Polonium,
84,118,Polonium,
84,119,Polonium,
84,120,Polonium,
84,121,Polonium,
84,122,Polonium,
84,123,Polonium,
84,124,Polonium,
84,125,Polonium,
84,126,Polonium,
84,127,Polonium,
84,128,Polonium,
84,129,Polonium,
84,130,Polonium,
84,131,Polonium,
84,132,Polonium,
84,133,Polonium,
84,134,Polonium,
84,135,Polonium,
84,136,Polonium,
84,137,Polonium,
84,138,Polonium,
84,139,Polonium,
84,140,Polonium,
84,141,Polonium,
84,142,Polonium,
84,143,Polonium,
85,106,Astatine,
85,107,Astatine,
85,108,Astatine,
85,109,Astatine,
85,110,Astatine,
85,111,Astatine,
85,112,Astatine,
85,113,Astatine,
85,114,Astatine,
85,115,Astatine,
85,116,Astatine,
85,117,Astatine,
85,118,Astatine,
85,119,Astatine,
85,120,Astatine,
85,121,Astatine,
85,122,Astatine,
85,123,Astatine,
85,124,Astatine,
85,125,Astatine,
85,126,Astatine,
85,127,Astatine,
85,128,Astatine,
85,129,Astatine,
85,130,Astatine,
85,131,Astatine,
85,132,Astatine,
85,133,Astatine,
85,134,Astatine,
85,135,Astatine,
85,136,Astatine,
85,137,Astatine,
85,138,Astatine,
85,139,Astatine,
85,140,Astatine,
85,141,Astatine,
85,142,Astatine,
85,143,Astatine,
85,144,Astatine,
86,107,Radon,
86,108,Radon,
86,109,Radon,
86,110,Radon,
86,111,Radon,
86,112,Radon,
86,113,Radon,
86,114,Radon,
86,115,Radon,
86,116,Radon,
86,117,Radon,
86,118,Radon,
86,119,Radon,
86,120,Radon,
86,121,Radon,
86,122,Radon,
86,123,Radon,
86,124,Radon,
86,125,Radon,
86,126,Radon,
86,127,Radon,
86,128,Radon,
86,129,Radon,
86,130,Radon,
86,131,Radon,
86,132,Radon,
86,133,Radon,
86,134,Radon,
86,135,Radon,
86,136,Radon,
86,137,Radon,
86,138,Radon,
86,139,Radon,
86,140,Radon,
86,141,Radon,
86,142,Radon,
86,143,Radon,
86,144,Radon,
86,145,Radon,
87,110,Francium,
87,111,Francium,
87,112,Francium,
87,113,Francium,
87,114,Francium,
87,115,Francium,
87,116,Francium,
87,117,Francium,
87,118,Francium,
87,119,Francium,
87,120,Francium,
87,121,Francium,
87,122,Francium,
87,123,Francium,
87,124,Francium,
87,125,Francium,
87,126,Francium,
87,127,Francium,
87,128,Francium,
87,129,Francium,
87,130,Francium,
87,131,Francium,
87,132,Francium,
87,133,Francium,
87,134,Francium,
87,135,Francium,
87,136,Francium,
87,137,Francium,
87,138,Francium,
87,139,Francium,
87,140,Francium,
87,141,Francium,
87,142,Francium,
87,143,Francium,
87,144,Francium,
87,145,Francium,
87,146,Francium,
88,113,Radium,
88,114,Radium,
88,115,Radium,
88,116,Radium,
88,117,Radium,
88,118,Radium,
88,119,Radium,
88,120,Radium,
88,121,Radium,
88,122,Radium,
88,123,Radium,
88,124,Radium,
88,125,Radium,
88,126,Radium,
88,127,Radium,
88,128,Radium,
88,129,Radium,
88,130,Radium,
88,131,Radium,
88,132,Radium,
88,133,Radium,
88,134,Radium,
88,135,Radium,
88,136,Radium,
88,137,Radium,
88,138,Radium,
88,139,Radium,
88,140,Radium,
88,141,Radium,
88,142,Radium,
88,143,Radium,
88,144,Radium,
88,145,Radium,
88,146,Radium,
89,116,Actinium,
89,117,Actinium,
89,118,Actinium,
89,119,Actinium,
89,120,Actinium,
89,121,Actinium,
89,122,Actinium,
89,123,Actinium,
89,124,Actinium,
89,125,Actinium,
89,126,Actinium,
89,127,Actinium,
89,128,Actinium,
89,129,Actinium,
89,130,Actinium,
89,131,Actinium,
89,132,Actinium,
89,133,Actinium,
89,134,Actinium,
89,135,Actinium,
89,136,Actinium,
89,137,Actinium,
89,138,Actinium,
89,139,Actinium,
89,140,Actinium,
89,141,Actinium,
89,142,Actinium,
89,143,Actinium,
89,144,Actinium,
89,145,Actinium,
89,146,Actinium,
89,147,Actinium,
90,117,Thorium,
90,118,Thorium,
90,119,Thorium,
90,120,Thorium,
90,121,Thorium,
90,122,Thorium,
90,123,Thorium,
90,124,Thorium,
90,125,Thorium,
90,126,Thorium,
90,127,Thorium,
90,128,Thorium,
90,129,Thorium,
90,130,Thorium,
90,131,Thorium,
90,132,Thorium,
90,133,Thorium,
90,134,Thorium,
90,135,Thorium,
90,136,Thorium,
90,137,Thorium,
90,138,Thorium,
90,139,Thorium,
90,140,Thorium,
90,141,Thorium,
90,142,Thorium,
90,143,Thorium,
90,144,Thorium,
90,145,Thorium,
90,146,Thorium,
90,147,Thorium,
90,148,Thorium,
91,120,Protactinium,
91,121,Protactinium,
91,122,Protactinium,
91,123,Protactinium,
91,124,Protactinium,
91,125,Protactinium,
91,126,Protactinium,
91,127,Protactinium,
91,128,Protactinium,
91,129,Protactinium,
91,130,Protactinium,
91,131,Protactinium,
91,132,Protactinium,
91,133,Protactinium,
91,134,Protactinium,
91,135,Protactinium,
91,136,Protactinium,
91,137,Protactinium,
91,138,Protactinium,
91,139,Protactinium,
91,140,Protactinium,
91,141,Protactinium,
91,142,Protactinium,
91,143,Protactinium,
91,144,Protactinium,
91,145,Protactinium,
91,146,Protactinium,
91,147,Protactinium,
91,148,Protactinium,
92,122,Uranium,
92,123,Uranium,
92,124,Uranium,
92,125,Uranium,
92,126,Uranium,
92,127,Uranium,
92,129,Uranium,
92,130,Uranium,
92,131,Uranium,
92,132,Uranium,
92,133,Uranium,
92,134,Uranium,
92,135,Uranium,
92,136,Uranium,
92,137,Uranium,
92,138,Uranium,
92,139,Uranium,
92,140,Uranium,
92,141,Uranium,
92,142,Uranium,
92,143,Uranium,
92,144,Uranium,
92,145,Uranium,
92,146,Uranium,
92,147,Uranium,
92,148,Uranium,
92,149,Uranium,
92,150,Uranium,
92,151,Uranium,
92,152,Uranium,
92,153,Uranium,
92,154,Uranium,
92,155,Uranium,
92,156,Uranium,
92,157,Uranium,
92,158,Uranium,
92,159,Uranium,
92,160,Uranium,
92,161,Uranium,
92,162,Uranium,
92,163,Uranium,
93,126,Neptunium,
93,127,Neptunium,
93,129,Neptunium,
93,130,Neptunium,
93,131,Neptunium,
93,132,Neptunium,
93,133,Neptunium,
93,134,Neptunium,
93,135,Neptunium,
93,136,Neptunium,
93,137,Neptunium,
93,138,Neptunium,
93,139,Neptunium,
93,140,Neptunium,
93,141,Neptunium,
93,142,Neptunium,
93,143,Neptunium,
93,144,Neptunium,
93,145,Neptunium,
93,146,Neptunium,
93,147,Neptunium,
93,148,Neptunium,
93,149,Neptunium,
93,150,Neptunium,
93,151,Neptunium,
93,159,Neptunium,
94,134,Plutonium,
94,135,Plutonium,
94,136,Plutonium,
94,137,Plutonium,
94,138,Plutonium,
94,139,Plutonium,
94,140,Plutonium,
94,141,Plutonium,
94,142,Plutonium,
94,143,Plutonium,
94,144,Plutonium,
94,145,Plutonium,
94,146,Plutonium,
94,147,Plutonium,
94,148,Plutonium,
94,149,Plutonium,
94,150,Plutonium,
94,151,Plutonium,
94,152,Plutonium,
94,153,Plutonium,
94,158,Plutonium,
95,128,Americium,
95,134,Americium,
95,135,Americium,
95,137,Americium,
95,138,Americium,
95,139,Americium,
95,140,Americium,
95,141,Americium,
95,142,Americium,
95,143,Americium,
95,144,Americium,
95,145,Americium,
95,146,Americium,
95,147,Americium,
95,148,Americium,
95,149,Americium,
95,150,Americium,
95,151,Americium,
95,152,Americium,
95,153,Americium,
95,157,Americium,
96,137,Curium,
96,138,Curium,
96,139,Curium,
96,140,Curium,
96,141,Curium,
96,142,Curium,
96,143,Curium,
96,144,Curium,
96,145,Curium,
96,146,Curium,
96,147,Curium,
96,148,Curium,
96,149,Curium,
96,150,Curium,
96,151,Curium,
96,152,Curium,
96,153,Curium,
96,154,Curium,
96,155,Curium,
96,156,Curium,
97,136,Berkelium,
97,137,Berkelium,
97,139,Berkelium,
97,141,Berkelium,
97,142,Berkelium,
97,143,Berkelium,
97,144,Berkelium,
97,145,Berkelium,
97,146,Berkelium,
97,147,Berkelium,
97,148,Berkelium,
97,149,Berkelium,
97,150,Berkelium,
97,151,Berkelium,
97,152,Berkelium,
97,153,Berkelium,
97,154,Berkelium,
97,155,Berkelium,
97,156,Berkelium,
98,138,Californium,
98,139,Californium,
98,140,Californium,
98,141,Californium,
98,142,Californium,
98,143,Californium,
98,144,Californium,
98,145,Californium,
98,146,Californium,
98,147,Californium,
98,148,Californium,
98,149,Californium,
98,150,Californium,
98,151,Californium,
98,152,Californium,
98,153,Californium,
98,154,Californium,
98,155,Californium,
98,156,Californium,
98,157,Californium,
98,158,Californium,
99,141,Einsteinium,
99,142,Einsteinium,
99,143,Einsteinium,
99,144,Einsteinium,
99,145,Einsteinium,
99,146,Einsteinium,
99,147,Einsteinium,
99,148,Einsteinium,
99,149,Einsteinium,
99,150,Einsteinium,
99,151,Einsteinium,
99,152,Einsteinium,
99,153,Einsteinium,
99,154,Einsteinium,
99,155,Einsteinium,
99,156,Einsteinium,
99,157,Einsteinium,
99,158,Einsteinium,
100,141,Fermium,
100,142,Fermium,
100,143,Fermium,
100,144,Fermium,
100,145,Fermium,
100,146,Fermium,
100,147,Fermium,
100,148,Fermium,
100,149,Fermium,
100,150,Fermium,
100,151,Fermium,
100,152,Fermium,
100,153,Fermium,
100,154,Fermium,
100,155,Fermium,
100,156,Fermium,
100,157,Fermium,
100,158,Fermium,
100,159,Fermium,
101,143,Mendelevium,
101,144,Mendelevium,
101,145,Mendelevium,
101,146,Mendelevium,
101,147,Mendelevium,
101,148,Mendelevium,
101,149,Mendelevium,
101,150,Mendelevium,
101,151,Mendelevium,
101,152,Mendelevium,
101,153,Mendelevium,
101,154,Mendelevium,
101,155,Mendelevium,
101,156,Mendelevium,
101,157,Mendelevium,
101,158,Mendelevium,
101,159,Mendelevium,
102,146,Nobelium,
102,147,Nobelium,
102,148,Nobelium,
102,149,Nobelium,
102,150,Nobelium,
102,151,Nobelium,
102,152,Nobelium,
102,153,Nobelium,
102,154,Nobelium,
102,155,Nobelium,
102,156,Nobelium,
102,157,Nobelium,
102,158,Nobelium,
102,160,Nobelium,
103,149,Lawrencium,
103,150,Lawrencium,
103,151,Lawrencium,
103,152,Lawrencium,
103,153,Lawrencium,
103,154,Lawrencium,
103,155,Lawrencium,
103,156,Lawrencium,
103,157,Lawrencium,
103,158,Lawrencium,
103,159,Lawrencium,
103,163,Lawrencium,
104,149,Rutherfordium,
104,150,Rutherfordium,
104,151,Rutherfordium,
104,152,Rutherfordium,
104,153,Rutherfordium,
104,154,Rutherfordium,
104,155,Rutherfordium,
104,156,Rutherfordium,
104,157,Rutherfordium,
104,158,Rutherfordium,
104,159,Rutherfordium,
104,161,Rutherfordium,
104,163,Rutherfordium,
105,150,Dubnium,
105,151,Dubnium,
105,152,Dubnium,
105,153,Dubnium,
105,154,Dubnium,
105,155,Dubnium,
105,156,Dubnium,
105,157,Dubnium,
105,158,Dubnium,
105,161,Dubnium,
105,162,Dubnium,
105,163,Dubnium,
105,165,Dubnium,
106,152,Seaborgium,
106,153,Seaborgium,
106,154,Seaborgium,
106,155,Seaborgium,
106,156,Seaborgium,
106,157,Seaborgium,
106,158,Seaborgium,
106,159,Seaborgium,
106,160,Seaborgium,
106,161,Seaborgium,
106,163,Seaborgium,
106,165,Seaborgium,
107,153,Bohrium,
107,154,Bohrium,
107,155,Bohrium,
107,156,Bohrium,
107,157,Bohrium,
107,158,Bohrium,
107,159,Bohrium,
107,160,Bohrium,
107,163,Bohrium,
107,164,Bohrium,
107,165,Bohrium,
107,167,Bohrium,
107,171,Bohrium,
108,155,Hassium,
108,156,Hassium,
108,157,Hassium,
108,158,Hassium,
108,159,Hassium,
108,160,Hassium,
108,161,Hassium,
108,162,Hassium,
108,163,Hassium,
108,165,Hassium,
108,167,Hassium,
108,169,Hassium,
108,170,Hassium,
109,157,Meitnerium,
109,159,Meitnerium,
109,161,Meitnerium,
109,165,Meitnerium,
109,166,Meitnerium,
109,167,Meitnerium,
109,168,Meitnerium,
109,169,Meitnerium,
109,173,Meitnerium,
110,157,Darmstadtium,
110,159,Darmstadtium,
110,160,Darmstadtium,
110,161,Darmstadtium,
110,163,Darmstadtium,
110,167,Darmstadtium,
110,169,Darmstadtium,
110,170,Darmstadtium,
110,171,Darmstadtium,
110,172,Darmstadtium,
111,161,Roentgenium,
111,163,Roentgenium,
111,167,Roentgenium,
111,168,Roentgenium,
111,169,Roentgenium,
111,170,Roentgenium,
111,171,Roentgenium,
111,175,Roentgenium,
112,165,Copernicium,
112,169,Copernicium,
112,170,Copernicium,
112,171,Copernicium,
112,172,Copernicium,
112,173,Copernicium,
112,174,Copernicium,
113,165,Nihonium,
113,169,Nihonium,
113,170,Nihonium,
113,171,Nihonium,
113,172,Nihonium,
113,173,Nihonium,
113,177,Nihonium,
114,170,Flerovium,
114,171,Flerovium,
114,172,Flerovium,
114,173,Flerovium,
114,174,Flerovium,
114,175,Flerovium,
114,176,Flerovium,
115,172,Moscovium,
115,173,Moscovium,
115,174,Moscovium,
115,175,Moscovium,
116,174,Livermorium,
116,175,Livermorium,
116,176,Livermorium,
116,177,Livermorium,
116,178,Livermorium,
117,176,Tennessine,
117,177,Tennessine,
118,176,Oganesson,
118,177,Oganesson,
120,178,Unbinilium,
120,179,Unbinilium,
